Instance,Algorithme,Seed,Score,NbPertubations,MaxEval,CPU-Used-Time (ms)
instances/atsp_rand_50_75.txt,iterated_local_search_best_improver_2opt,50,1971,6,1000000,154.334000
instances/atsp_rand_50_75.txt,iterated_local_search_best_improver_2opt,50,1950,9,1000000,156.647000
instances/atsp_rand_50_75.txt,iterated_local_search_best_improver_2opt,51,1895,6,1000000,156.231000
instances/atsp_rand_50_75.txt,iterated_local_search_best_improver_2opt,51,2015,9,1000000,156.468000
instances/atsp_rand_50_75.txt,iterated_local_search_best_improver_2opt,52,1956,6,1000000,157.660000
instances/atsp_rand_50_75.txt,iterated_local_search_best_improver_2opt,52,1845,9,1000000,156.889000
instances/atsp_rand_50_75.txt,iterated_local_search_best_improver_2opt,53,1982,6,1000000,158.781000
instances/atsp_rand_50_75.txt,iterated_local_search_best_improver_2opt,53,1979,9,1000000,159.766000
instances/atsp_rand_50_75.txt,iterated_local_search_best_improver_2opt,54,1936,6,1000000,157.572000
instances/atsp_rand_50_75.txt,iterated_local_search_best_improver_2opt,54,1944,9,1000000,158.212000
instances/atsp_rand_50_75.txt,iterated_local_search_best_improver_2opt,55,1929,6,1000000,156.500000
instances/atsp_rand_50_75.txt,iterated_local_search_best_improver_2opt,55,1903,9,1000000,160.059000
instances/atsp_rand_50_75.txt,iterated_local_search_best_improver_2opt,56,1893,6,1000000,158.838000
instances/atsp_rand_50_75.txt,iterated_local_search_best_improver_2opt,56,1854,9,1000000,156.885000
instances/atsp_rand_50_75.txt,iterated_local_search_best_improver_2opt,57,1935,6,1000000,158.206000
instances/atsp_rand_50_75.txt,iterated_local_search_best_improver_2opt,57,1959,9,1000000,157.196000
instances/atsp_rand_50_75.txt,iterated_local_search_best_improver_2opt,58,1928,6,1000000,154.348000
instances/atsp_rand_50_75.txt,iterated_local_search_best_improver_2opt,58,1932,9,1000000,180.940000
instances/atsp_rand_50_75.txt,iterated_local_search_best_improver_2opt,59,1991,6,1000000,159.200000
instances/atsp_rand_50_75.txt,iterated_local_search_best_improver_2opt,59,1960,9,1000000,159.208000
instances/atsp_rand_50_75.txt,iterated_local_search_best_improver_swap,50,1723,6,1000000,153.648000
instances/atsp_rand_50_75.txt,iterated_local_search_best_improver_swap,50,1718,9,1000000,138.206000
instances/atsp_rand_50_75.txt,iterated_local_search_best_improver_swap,51,1702,6,1000000,137.683000
instances/atsp_rand_50_75.txt,iterated_local_search_best_improver_swap,51,1682,9,1000000,137.997000
instances/atsp_rand_50_75.txt,iterated_local_search_best_improver_swap,52,1742,6,1000000,135.924000
instances/atsp_rand_50_75.txt,iterated_local_search_best_improver_swap,52,1768,9,1000000,157.739000
instances/atsp_rand_50_75.txt,iterated_local_search_best_improver_swap,53,1743,6,1000000,136.514000
instances/atsp_rand_50_75.txt,iterated_local_search_best_improver_swap,53,1728,9,1000000,137.182000
instances/atsp_rand_50_75.txt,iterated_local_search_best_improver_swap,54,1655,6,1000000,139.958000
instances/atsp_rand_50_75.txt,iterated_local_search_best_improver_swap,54,1709,9,1000000,146.093000
instances/atsp_rand_50_75.txt,iterated_local_search_best_improver_swap,55,1707,6,1000000,137.487000
instances/atsp_rand_50_75.txt,iterated_local_search_best_improver_swap,55,1716,9,1000000,136.084000
instances/atsp_rand_50_75.txt,iterated_local_search_best_improver_swap,56,1733,6,1000000,138.650000
instances/atsp_rand_50_75.txt,iterated_local_search_best_improver_swap,56,1733,9,1000000,149.949000
instances/atsp_rand_50_75.txt,iterated_local_search_best_improver_swap,57,1690,6,1000000,138.167000
instances/atsp_rand_50_75.txt,iterated_local_search_best_improver_swap,57,1690,9,1000000,137.517000
instances/atsp_rand_50_75.txt,iterated_local_search_best_improver_swap,58,1763,6,1000000,139.229000
instances/atsp_rand_50_75.txt,iterated_local_search_best_improver_swap,58,1715,9,1000000,151.455000
instances/atsp_rand_50_75.txt,iterated_local_search_best_improver_swap,59,1703,6,1000000,135.822000
instances/atsp_rand_50_75.txt,iterated_local_search_best_improver_swap,59,1714,9,1000000,137.799000
instances/atsp_rand_50_75.txt,iterated_local_search_first_improver_2opt,50,1863,6,1000000,166.078000
instances/atsp_rand_50_75.txt,iterated_local_search_first_improver_2opt,50,1829,9,1000000,172.478000
instances/atsp_rand_50_75.txt,iterated_local_search_first_improver_2opt,51,1867,6,1000000,162.572000
instances/atsp_rand_50_75.txt,iterated_local_search_first_improver_2opt,51,1907,9,1000000,161.050000
instances/atsp_rand_50_75.txt,iterated_local_search_first_improver_2opt,52,1911,6,1000000,163.492000
instances/atsp_rand_50_75.txt,iterated_local_search_first_improver_2opt,52,1911,9,1000000,174.317000
instances/atsp_rand_50_75.txt,iterated_local_search_first_improver_2opt,53,1894,6,1000000,162.177000
instances/atsp_rand_50_75.txt,iterated_local_search_first_improver_2opt,53,1894,9,1000000,162.447000
instances/atsp_rand_50_75.txt,iterated_local_search_first_improver_2opt,54,1861,6,1000000,161.234000
instances/atsp_rand_50_75.txt,iterated_local_search_first_improver_2opt,54,1883,9,1000000,172.500000
instances/atsp_rand_50_75.txt,iterated_local_search_first_improver_2opt,55,1860,6,1000000,163.399000
instances/atsp_rand_50_75.txt,iterated_local_search_first_improver_2opt,55,1832,9,1000000,164.381000
instances/atsp_rand_50_75.txt,iterated_local_search_first_improver_2opt,56,1889,6,1000000,161.044000
instances/atsp_rand_50_75.txt,iterated_local_search_first_improver_2opt,56,1889,9,1000000,180.174000
instances/atsp_rand_50_75.txt,iterated_local_search_first_improver_2opt,57,1810,6,1000000,159.583000
instances/atsp_rand_50_75.txt,iterated_local_search_first_improver_2opt,57,1918,9,1000000,162.795000
instances/atsp_rand_50_75.txt,iterated_local_search_first_improver_2opt,58,1833,6,1000000,161.385000
instances/atsp_rand_50_75.txt,iterated_local_search_first_improver_2opt,58,1861,9,1000000,169.660000
instances/atsp_rand_50_75.txt,iterated_local_search_first_improver_2opt,59,1825,6,1000000,165.256000
instances/atsp_rand_50_75.txt,iterated_local_search_first_improver_2opt,59,1821,9,1000000,162.938000
instances/atsp_rand_50_75.txt,iterated_local_search_first_improver_swap,50,1717,6,1000000,141.856000
instances/atsp_rand_50_75.txt,iterated_local_search_first_improver_swap,50,1728,9,1000000,151.649000
instances/atsp_rand_50_75.txt,iterated_local_search_first_improver_swap,51,1723,6,1000000,140.103000
instances/atsp_rand_50_75.txt,iterated_local_search_first_improver_swap,51,1706,9,1000000,144.358000
instances/atsp_rand_50_75.txt,iterated_local_search_first_improver_swap,52,1719,6,1000000,141.919000
instances/atsp_rand_50_75.txt,iterated_local_search_first_improver_swap,52,1693,9,1000000,153.659000
instances/atsp_rand_50_75.txt,iterated_local_search_first_improver_swap,53,1737,6,1000000,143.125000
instances/atsp_rand_50_75.txt,iterated_local_search_first_improver_swap,53,1737,9,1000000,143.270000
instances/atsp_rand_50_75.txt,iterated_local_search_first_improver_swap,54,1703,6,1000000,138.243000
instances/atsp_rand_50_75.txt,iterated_local_search_first_improver_swap,54,1694,9,1000000,158.226000
instances/atsp_rand_50_75.txt,iterated_local_search_first_improver_swap,55,1710,6,1000000,139.176000
instances/atsp_rand_50_75.txt,iterated_local_search_first_improver_swap,55,1710,9,1000000,141.695000
instances/atsp_rand_50_75.txt,iterated_local_search_first_improver_swap,56,1737,6,1000000,144.564000
instances/atsp_rand_50_75.txt,iterated_local_search_first_improver_swap,56,1687,9,1000000,145.489000
instances/atsp_rand_50_75.txt,iterated_local_search_first_improver_swap,57,1693,6,1000000,142.001000
instances/atsp_rand_50_75.txt,iterated_local_search_first_improver_swap,57,1727,9,1000000,139.920000
instances/atsp_rand_50_75.txt,iterated_local_search_first_improver_swap,58,1730,6,1000000,140.497000
instances/atsp_rand_50_75.txt,iterated_local_search_first_improver_swap,58,1730,9,1000000,164.883000
instances/atsp_rand_50_75.txt,iterated_local_search_first_improver_swap,59,1734,6,1000000,142.482000
instances/atsp_rand_50_75.txt,iterated_local_search_first_improver_swap,59,1734,9,1000000,141.183000
instances/atsp_rand_50_100.txt,iterated_local_search_best_improver_2opt,50,903,6,1000000,153.566000
instances/atsp_rand_50_100.txt,iterated_local_search_best_improver_2opt,50,1066,9,1000000,171.990000
instances/atsp_rand_50_100.txt,iterated_local_search_best_improver_2opt,51,1112,6,1000000,158.774000
instances/atsp_rand_50_100.txt,iterated_local_search_best_improver_2opt,51,1016,9,1000000,157.432000
instances/atsp_rand_50_100.txt,iterated_local_search_best_improver_2opt,52,977,6,1000000,156.961000
instances/atsp_rand_50_100.txt,iterated_local_search_best_improver_2opt,52,1054,9,1000000,167.771000
instances/atsp_rand_50_100.txt,iterated_local_search_best_improver_2opt,53,1022,6,1000000,156.826000
instances/atsp_rand_50_100.txt,iterated_local_search_best_improver_2opt,53,1130,9,1000000,159.133000
instances/atsp_rand_50_100.txt,iterated_local_search_best_improver_2opt,54,957,6,1000000,158.469000
instances/atsp_rand_50_100.txt,iterated_local_search_best_improver_2opt,54,1100,9,1000000,168.497000
instances/atsp_rand_50_100.txt,iterated_local_search_best_improver_2opt,55,894,6,1000000,170.015000
instances/atsp_rand_50_100.txt,iterated_local_search_best_improver_2opt,55,1014,9,1000000,159.301000
instances/atsp_rand_50_100.txt,iterated_local_search_best_improver_2opt,56,1062,6,1000000,159.365000
instances/atsp_rand_50_100.txt,iterated_local_search_best_improver_2opt,56,994,9,1000000,171.808000
instances/atsp_rand_50_100.txt,iterated_local_search_best_improver_2opt,57,1047,6,1000000,159.039000
instances/atsp_rand_50_100.txt,iterated_local_search_best_improver_2opt,57,1113,9,1000000,158.143000
instances/atsp_rand_50_100.txt,iterated_local_search_best_improver_2opt,58,1057,6,1000000,160.169000
instances/atsp_rand_50_100.txt,iterated_local_search_best_improver_2opt,58,1195,9,1000000,168.290000
instances/atsp_rand_50_100.txt,iterated_local_search_best_improver_2opt,59,1010,6,1000000,156.830000
instances/atsp_rand_50_100.txt,iterated_local_search_best_improver_2opt,59,931,9,1000000,156.165000
instances/atsp_rand_50_100.txt,iterated_local_search_best_improver_swap,50,619,6,1000000,133.293000
instances/atsp_rand_50_100.txt,iterated_local_search_best_improver_swap,50,619,9,1000000,143.621000
instances/atsp_rand_50_100.txt,iterated_local_search_best_improver_swap,51,501,6,1000000,140.282000
instances/atsp_rand_50_100.txt,iterated_local_search_best_improver_swap,51,499,9,1000000,137.549000
instances/atsp_rand_50_100.txt,iterated_local_search_best_improver_swap,52,487,6,1000000,137.892000
instances/atsp_rand_50_100.txt,iterated_local_search_best_improver_swap,52,583,9,1000000,154.366000
instances/atsp_rand_50_100.txt,iterated_local_search_best_improver_swap,53,517,6,1000000,141.809000
instances/atsp_rand_50_100.txt,iterated_local_search_best_improver_swap,53,563,9,1000000,135.521000
instances/atsp_rand_50_100.txt,iterated_local_search_best_improver_swap,54,590,6,1000000,141.488000
instances/atsp_rand_50_100.txt,iterated_local_search_best_improver_swap,54,402,9,1000000,143.168000
instances/atsp_rand_50_100.txt,iterated_local_search_best_improver_swap,55,578,6,1000000,139.680000
instances/atsp_rand_50_100.txt,iterated_local_search_best_improver_swap,55,600,9,1000000,139.496000
instances/atsp_rand_50_100.txt,iterated_local_search_best_improver_swap,56,557,6,1000000,138.005000
instances/atsp_rand_50_100.txt,iterated_local_search_best_improver_swap,56,557,9,1000000,149.652000
instances/atsp_rand_50_100.txt,iterated_local_search_best_improver_swap,57,527,6,1000000,142.070000
instances/atsp_rand_50_100.txt,iterated_local_search_best_improver_swap,57,528,9,1000000,136.276000
instances/atsp_rand_50_100.txt,iterated_local_search_best_improver_swap,58,521,6,1000000,140.303000
instances/atsp_rand_50_100.txt,iterated_local_search_best_improver_swap,58,595,9,1000000,150.875000
instances/atsp_rand_50_100.txt,iterated_local_search_best_improver_swap,59,531,6,1000000,137.974000
instances/atsp_rand_50_100.txt,iterated_local_search_best_improver_swap,59,465,9,1000000,136.444000
instances/atsp_rand_50_100.txt,iterated_local_search_first_improver_2opt,50,1030,6,1000000,161.707000
instances/atsp_rand_50_100.txt,iterated_local_search_first_improver_2opt,50,986,9,1000000,178.629000
instances/atsp_rand_50_100.txt,iterated_local_search_first_improver_2opt,51,890,6,1000000,163.882000
instances/atsp_rand_50_100.txt,iterated_local_search_first_improver_2opt,51,835,9,1000000,160.576000
instances/atsp_rand_50_100.txt,iterated_local_search_first_improver_2opt,52,1088,6,1000000,165.204000
instances/atsp_rand_50_100.txt,iterated_local_search_first_improver_2opt,52,808,9,1000000,172.372000
instances/atsp_rand_50_100.txt,iterated_local_search_first_improver_2opt,53,961,6,1000000,160.290000
instances/atsp_rand_50_100.txt,iterated_local_search_first_improver_2opt,53,961,9,1000000,163.613000
instances/atsp_rand_50_100.txt,iterated_local_search_first_improver_2opt,54,817,6,1000000,169.474000
instances/atsp_rand_50_100.txt,iterated_local_search_first_improver_2opt,54,725,9,1000000,195.600000
instances/atsp_rand_50_100.txt,iterated_local_search_first_improver_2opt,55,787,6,1000000,203.535000
instances/atsp_rand_50_100.txt,iterated_local_search_first_improver_2opt,55,922,9,1000000,202.293000
instances/atsp_rand_50_100.txt,iterated_local_search_first_improver_2opt,56,696,6,1000000,206.259000
instances/atsp_rand_50_100.txt,iterated_local_search_first_improver_2opt,56,853,9,1000000,215.330000
instances/atsp_rand_50_100.txt,iterated_local_search_first_improver_2opt,57,947,6,1000000,215.662000
instances/atsp_rand_50_100.txt,iterated_local_search_first_improver_2opt,57,947,9,1000000,207.654000
instances/atsp_rand_50_100.txt,iterated_local_search_first_improver_2opt,58,874,6,1000000,213.486000
instances/atsp_rand_50_100.txt,iterated_local_search_first_improver_2opt,58,874,9,1000000,218.409000
instances/atsp_rand_50_100.txt,iterated_local_search_first_improver_2opt,59,925,6,1000000,219.285000
instances/atsp_rand_50_100.txt,iterated_local_search_first_improver_2opt,59,1004,9,1000000,216.685000
instances/atsp_rand_50_100.txt,iterated_local_search_first_improver_swap,50,535,6,1000000,183.169000
instances/atsp_rand_50_100.txt,iterated_local_search_first_improver_swap,50,524,9,1000000,192.314000
instances/atsp_rand_50_100.txt,iterated_local_search_first_improver_swap,51,557,6,1000000,190.680000
instances/atsp_rand_50_100.txt,iterated_local_search_first_improver_swap,51,552,9,1000000,184.955000
instances/atsp_rand_50_100.txt,iterated_local_search_first_improver_swap,52,573,6,1000000,183.274000
instances/atsp_rand_50_100.txt,iterated_local_search_first_improver_swap,52,573,9,1000000,199.253000
instances/atsp_rand_50_100.txt,iterated_local_search_first_improver_swap,53,584,6,1000000,190.964000
instances/atsp_rand_50_100.txt,iterated_local_search_first_improver_swap,53,579,9,1000000,184.846000
instances/atsp_rand_50_100.txt,iterated_local_search_first_improver_swap,54,564,6,1000000,184.257000
instances/atsp_rand_50_100.txt,iterated_local_search_first_improver_swap,54,520,9,1000000,192.300000
instances/atsp_rand_50_100.txt,iterated_local_search_first_improver_swap,55,539,6,1000000,188.776000
instances/atsp_rand_50_100.txt,iterated_local_search_first_improver_swap,55,573,9,1000000,184.005000
instances/atsp_rand_50_100.txt,iterated_local_search_first_improver_swap,56,562,6,1000000,181.134000
instances/atsp_rand_50_100.txt,iterated_local_search_first_improver_swap,56,582,9,1000000,190.390000
instances/atsp_rand_50_100.txt,iterated_local_search_first_improver_swap,57,577,6,1000000,190.301000
instances/atsp_rand_50_100.txt,iterated_local_search_first_improver_swap,57,572,9,1000000,181.918000
instances/atsp_rand_50_100.txt,iterated_local_search_first_improver_swap,58,659,6,1000000,182.146000
instances/atsp_rand_50_100.txt,iterated_local_search_first_improver_swap,58,593,9,1000000,194.528000
instances/atsp_rand_50_100.txt,iterated_local_search_first_improver_swap,59,541,6,1000000,189.283000
instances/atsp_rand_50_100.txt,iterated_local_search_first_improver_swap,59,519,9,1000000,189.509000
instances/atsp_rand_60_50.txt,iterated_local_search_best_improver_2opt,50,1143,6,1000000,241.453000
instances/atsp_rand_60_50.txt,iterated_local_search_best_improver_2opt,50,1143,9,1000000,267.999000
instances/atsp_rand_60_50.txt,iterated_local_search_best_improver_2opt,51,1012,6,1000000,268.333000
instances/atsp_rand_60_50.txt,iterated_local_search_best_improver_2opt,51,1115,9,1000000,249.338000
instances/atsp_rand_60_50.txt,iterated_local_search_best_improver_2opt,52,1044,6,1000000,243.242000
instances/atsp_rand_60_50.txt,iterated_local_search_best_improver_2opt,52,1159,9,1000000,247.054000
instances/atsp_rand_60_50.txt,iterated_local_search_best_improver_2opt,53,976,6,1000000,243.847000
instances/atsp_rand_60_50.txt,iterated_local_search_best_improver_2opt,53,1063,9,1000000,235.040000
instances/atsp_rand_60_50.txt,iterated_local_search_best_improver_2opt,54,1015,6,1000000,238.759000
instances/atsp_rand_60_50.txt,iterated_local_search_best_improver_2opt,54,1114,9,1000000,256.503000
instances/atsp_rand_60_50.txt,iterated_local_search_best_improver_2opt,55,1027,6,1000000,243.467000
instances/atsp_rand_60_50.txt,iterated_local_search_best_improver_2opt,55,1025,9,1000000,236.682000
instances/atsp_rand_60_50.txt,iterated_local_search_best_improver_2opt,56,957,6,1000000,235.764000
instances/atsp_rand_60_50.txt,iterated_local_search_best_improver_2opt,56,1040,9,1000000,242.566000
instances/atsp_rand_60_50.txt,iterated_local_search_best_improver_2opt,57,1131,6,1000000,236.368000
instances/atsp_rand_60_50.txt,iterated_local_search_best_improver_2opt,57,1070,9,1000000,236.741000
instances/atsp_rand_60_50.txt,iterated_local_search_best_improver_2opt,58,1037,6,1000000,230.276000
instances/atsp_rand_60_50.txt,iterated_local_search_best_improver_2opt,58,1080,9,1000000,242.920000
instances/atsp_rand_60_50.txt,iterated_local_search_best_improver_2opt,59,1042,6,1000000,244.903000
instances/atsp_rand_60_50.txt,iterated_local_search_best_improver_2opt,59,1067,9,1000000,232.327000
instances/atsp_rand_60_50.txt,iterated_local_search_best_improver_swap,50,827,6,1000000,202.944000
instances/atsp_rand_60_50.txt,iterated_local_search_best_improver_swap,50,786,9,1000000,208.669000
instances/atsp_rand_60_50.txt,iterated_local_search_best_improver_swap,51,824,6,1000000,205.955000
instances/atsp_rand_60_50.txt,iterated_local_search_best_improver_swap,51,793,9,1000000,203.764000
instances/atsp_rand_60_50.txt,iterated_local_search_best_improver_swap,52,829,6,1000000,202.302000
instances/atsp_rand_60_50.txt,iterated_local_search_best_improver_swap,52,793,9,1000000,218.024000
instances/atsp_rand_60_50.txt,iterated_local_search_best_improver_swap,53,851,6,1000000,208.430000
instances/atsp_rand_60_50.txt,iterated_local_search_best_improver_swap,53,806,9,1000000,206.549000
instances/atsp_rand_60_50.txt,iterated_local_search_best_improver_swap,54,809,6,1000000,201.869000
instances/atsp_rand_60_50.txt,iterated_local_search_best_improver_swap,54,809,9,1000000,215.321000
instances/atsp_rand_60_50.txt,iterated_local_search_best_improver_swap,55,813,6,1000000,207.531000
instances/atsp_rand_60_50.txt,iterated_local_search_best_improver_swap,55,813,9,1000000,206.111000
instances/atsp_rand_60_50.txt,iterated_local_search_best_improver_swap,56,862,6,1000000,204.236000
instances/atsp_rand_60_50.txt,iterated_local_search_best_improver_swap,56,810,9,1000000,217.714000
instances/atsp_rand_60_50.txt,iterated_local_search_best_improver_swap,57,757,6,1000000,209.177000
instances/atsp_rand_60_50.txt,iterated_local_search_best_improver_swap,57,801,9,1000000,205.936000
instances/atsp_rand_60_50.txt,iterated_local_search_best_improver_swap,58,859,6,1000000,204.016000
instances/atsp_rand_60_50.txt,iterated_local_search_best_improver_swap,58,832,9,1000000,212.776000
instances/atsp_rand_60_50.txt,iterated_local_search_best_improver_swap,59,839,6,1000000,207.741000
instances/atsp_rand_60_50.txt,iterated_local_search_best_improver_swap,59,813,9,1000000,205.547000
instances/atsp_rand_60_50.txt,iterated_local_search_first_improver_2opt,50,1008,6,1000000,241.136000
instances/atsp_rand_60_50.txt,iterated_local_search_first_improver_2opt,50,958,9,1000000,242.833000
instances/atsp_rand_60_50.txt,iterated_local_search_first_improver_2opt,51,1062,6,1000000,241.125000
instances/atsp_rand_60_50.txt,iterated_local_search_first_improver_2opt,51,980,9,1000000,233.285000
instances/atsp_rand_60_50.txt,iterated_local_search_first_improver_2opt,52,1010,6,1000000,227.597000
instances/atsp_rand_60_50.txt,iterated_local_search_first_improver_2opt,52,998,9,1000000,238.986000
instances/atsp_rand_60_50.txt,iterated_local_search_first_improver_2opt,53,1054,6,1000000,247.042000
instances/atsp_rand_60_50.txt,iterated_local_search_first_improver_2opt,53,963,9,1000000,237.649000
instances/atsp_rand_60_50.txt,iterated_local_search_first_improver_2opt,54,1002,6,1000000,240.423000
instances/atsp_rand_60_50.txt,iterated_local_search_first_improver_2opt,54,1025,9,1000000,257.378000
instances/atsp_rand_60_50.txt,iterated_local_search_first_improver_2opt,55,990,6,1000000,244.038000
instances/atsp_rand_60_50.txt,iterated_local_search_first_improver_2opt,55,1132,9,1000000,243.248000
instances/atsp_rand_60_50.txt,iterated_local_search_first_improver_2opt,56,992,6,1000000,240.626000
instances/atsp_rand_60_50.txt,iterated_local_search_first_improver_2opt,56,988,9,1000000,254.534000
instances/atsp_rand_60_50.txt,iterated_local_search_first_improver_2opt,57,1007,6,1000000,246.749000
instances/atsp_rand_60_50.txt,iterated_local_search_first_improver_2opt,57,980,9,1000000,236.957000
instances/atsp_rand_60_50.txt,iterated_local_search_first_improver_2opt,58,1042,6,1000000,236.478000
instances/atsp_rand_60_50.txt,iterated_local_search_first_improver_2opt,58,1042,9,1000000,250.595000
instances/atsp_rand_60_50.txt,iterated_local_search_first_improver_2opt,59,980,6,1000000,243.610000
instances/atsp_rand_60_50.txt,iterated_local_search_first_improver_2opt,59,973,9,1000000,231.395000
instances/atsp_rand_60_50.txt,iterated_local_search_first_improver_swap,50,794,6,1000000,201.647000
instances/atsp_rand_60_50.txt,iterated_local_search_first_improver_swap,50,795,9,1000000,213.306000
instances/atsp_rand_60_50.txt,iterated_local_search_first_improver_swap,51,820,6,1000000,210.074000
instances/atsp_rand_60_50.txt,iterated_local_search_first_improver_swap,51,791,9,1000000,212.190000
instances/atsp_rand_60_50.txt,iterated_local_search_first_improver_swap,52,810,6,1000000,207.847000
instances/atsp_rand_60_50.txt,iterated_local_search_first_improver_swap,52,813,9,1000000,211.413000
instances/atsp_rand_60_50.txt,iterated_local_search_first_improver_swap,53,832,6,1000000,211.394000
instances/atsp_rand_60_50.txt,iterated_local_search_first_improver_swap,53,832,9,1000000,207.788000
instances/atsp_rand_60_50.txt,iterated_local_search_first_improver_swap,54,795,6,1000000,208.456000
instances/atsp_rand_60_50.txt,iterated_local_search_first_improver_swap,54,795,9,1000000,214.181000
instances/atsp_rand_60_50.txt,iterated_local_search_first_improver_swap,55,758,6,1000000,218.633000
instances/atsp_rand_60_50.txt,iterated_local_search_first_improver_swap,55,814,9,1000000,205.515000
instances/atsp_rand_60_50.txt,iterated_local_search_first_improver_swap,56,793,6,1000000,204.201000
instances/atsp_rand_60_50.txt,iterated_local_search_first_improver_swap,56,795,9,1000000,213.180000
instances/atsp_rand_60_50.txt,iterated_local_search_first_improver_swap,57,817,6,1000000,212.072000
instances/atsp_rand_60_50.txt,iterated_local_search_first_improver_swap,57,846,9,1000000,215.976000
instances/atsp_rand_60_50.txt,iterated_local_search_first_improver_swap,58,820,6,1000000,206.589000
instances/atsp_rand_60_50.txt,iterated_local_search_first_improver_swap,58,803,9,1000000,216.147000
instances/atsp_rand_60_50.txt,iterated_local_search_first_improver_swap,59,799,6,1000000,212.594000
instances/atsp_rand_60_50.txt,iterated_local_search_first_improver_swap,59,803,9,1000000,203.490000
instances/atsp_rand_60_100.txt,iterated_local_search_best_improver_2opt,50,2372,6,1000000,236.438000
instances/atsp_rand_60_100.txt,iterated_local_search_best_improver_2opt,50,2372,9,1000000,242.060000
instances/atsp_rand_60_100.txt,iterated_local_search_best_improver_2opt,51,2260,6,1000000,237.502000
instances/atsp_rand_60_100.txt,iterated_local_search_best_improver_2opt,51,2366,9,1000000,237.356000
instances/atsp_rand_60_100.txt,iterated_local_search_best_improver_2opt,52,2271,6,1000000,229.557000
instances/atsp_rand_60_100.txt,iterated_local_search_best_improver_2opt,52,2325,9,1000000,245.146000
instances/atsp_rand_60_100.txt,iterated_local_search_best_improver_2opt,53,2338,6,1000000,238.537000
instances/atsp_rand_60_100.txt,iterated_local_search_best_improver_2opt,53,2215,9,1000000,233.540000
instances/atsp_rand_60_100.txt,iterated_local_search_best_improver_2opt,54,2479,6,1000000,225.254000
instances/atsp_rand_60_100.txt,iterated_local_search_best_improver_2opt,54,2479,9,1000000,246.747000
instances/atsp_rand_60_100.txt,iterated_local_search_best_improver_2opt,55,2329,6,1000000,242.263000
instances/atsp_rand_60_100.txt,iterated_local_search_best_improver_2opt,55,2333,9,1000000,235.793000
instances/atsp_rand_60_100.txt,iterated_local_search_best_improver_2opt,56,2350,6,1000000,234.291000
instances/atsp_rand_60_100.txt,iterated_local_search_best_improver_2opt,56,2440,9,1000000,252.679000
instances/atsp_rand_60_100.txt,iterated_local_search_best_improver_2opt,57,2311,6,1000000,238.167000
instances/atsp_rand_60_100.txt,iterated_local_search_best_improver_2opt,57,2372,9,1000000,232.883000
instances/atsp_rand_60_100.txt,iterated_local_search_best_improver_2opt,58,2458,6,1000000,226.692000
instances/atsp_rand_60_100.txt,iterated_local_search_best_improver_2opt,58,2458,9,1000000,251.999000
instances/atsp_rand_60_100.txt,iterated_local_search_best_improver_2opt,59,2440,6,1000000,246.914000
instances/atsp_rand_60_100.txt,iterated_local_search_best_improver_2opt,59,2271,9,1000000,232.588000
instances/atsp_rand_60_100.txt,iterated_local_search_best_improver_swap,50,1912,6,1000000,201.727000
instances/atsp_rand_60_100.txt,iterated_local_search_best_improver_swap,50,1846,9,1000000,208.472000
instances/atsp_rand_60_100.txt,iterated_local_search_best_improver_swap,51,1858,6,1000000,206.169000
instances/atsp_rand_60_100.txt,iterated_local_search_best_improver_swap,51,1799,9,1000000,202.707000
instances/atsp_rand_60_100.txt,iterated_local_search_best_improver_swap,52,1936,6,1000000,198.441000
instances/atsp_rand_60_100.txt,iterated_local_search_best_improver_swap,52,1983,9,1000000,202.932000
instances/atsp_rand_60_100.txt,iterated_local_search_best_improver_swap,53,1846,6,1000000,200.662000
instances/atsp_rand_60_100.txt,iterated_local_search_best_improver_swap,53,1864,9,1000000,202.254000
instances/atsp_rand_60_100.txt,iterated_local_search_best_improver_swap,54,1928,6,1000000,202.317000
instances/atsp_rand_60_100.txt,iterated_local_search_best_improver_swap,54,1869,9,1000000,212.844000
instances/atsp_rand_60_100.txt,iterated_local_search_best_improver_swap,55,1888,6,1000000,203.542000
instances/atsp_rand_60_100.txt,iterated_local_search_best_improver_swap,55,1888,9,1000000,202.518000
instances/atsp_rand_60_100.txt,iterated_local_search_best_improver_swap,56,1900,6,1000000,201.502000
instances/atsp_rand_60_100.txt,iterated_local_search_best_improver_swap,56,1841,9,1000000,217.846000
instances/atsp_rand_60_100.txt,iterated_local_search_best_improver_swap,57,1916,6,1000000,209.127000
instances/atsp_rand_60_100.txt,iterated_local_search_best_improver_swap,57,1859,9,1000000,204.423000
instances/atsp_rand_60_100.txt,iterated_local_search_best_improver_swap,58,1930,6,1000000,200.447000
instances/atsp_rand_60_100.txt,iterated_local_search_best_improver_swap,58,1839,9,1000000,213.348000
instances/atsp_rand_60_100.txt,iterated_local_search_best_improver_swap,59,1866,6,1000000,206.599000
instances/atsp_rand_60_100.txt,iterated_local_search_best_improver_swap,59,1911,9,1000000,200.064000
instances/atsp_rand_60_100.txt,iterated_local_search_first_improver_2opt,50,2213,6,1000000,235.729000
instances/atsp_rand_60_100.txt,iterated_local_search_first_improver_2opt,50,2199,9,1000000,257.525000
instances/atsp_rand_60_100.txt,iterated_local_search_first_improver_2opt,51,2200,6,1000000,249.777000
instances/atsp_rand_60_100.txt,iterated_local_search_first_improver_2opt,51,2217,9,1000000,237.519000
instances/atsp_rand_60_100.txt,iterated_local_search_first_improver_2opt,52,2069,6,1000000,233.311000
instances/atsp_rand_60_100.txt,iterated_local_search_first_improver_2opt,52,2449,9,1000000,253.558000
instances/atsp_rand_60_100.txt,iterated_local_search_first_improver_2opt,53,2158,6,1000000,240.026000
instances/atsp_rand_60_100.txt,iterated_local_search_first_improver_2opt,53,2251,9,1000000,241.565000
instances/atsp_rand_60_100.txt,iterated_local_search_first_improver_2opt,54,2031,6,1000000,232.055000
instances/atsp_rand_60_100.txt,iterated_local_search_first_improver_2opt,54,2149,9,1000000,252.678000
instances/atsp_rand_60_100.txt,iterated_local_search_first_improver_2opt,55,2216,6,1000000,242.567000
instances/atsp_rand_60_100.txt,iterated_local_search_first_improver_2opt,55,2216,9,1000000,236.699000
instances/atsp_rand_60_100.txt,iterated_local_search_first_improver_2opt,56,2198,6,1000000,240.972000
instances/atsp_rand_60_100.txt,iterated_local_search_first_improver_2opt,56,2233,9,1000000,257.434000
instances/atsp_rand_60_100.txt,iterated_local_search_first_improver_2opt,57,2291,6,1000000,240.528000
instances/atsp_rand_60_100.txt,iterated_local_search_first_improver_2opt,57,2204,9,1000000,232.561000
instances/atsp_rand_60_100.txt,iterated_local_search_first_improver_2opt,58,2235,6,1000000,234.649000
instances/atsp_rand_60_100.txt,iterated_local_search_first_improver_2opt,58,2235,9,1000000,253.638000
instances/atsp_rand_60_100.txt,iterated_local_search_first_improver_2opt,59,2177,6,1000000,238.919000
instances/atsp_rand_60_100.txt,iterated_local_search_first_improver_2opt,59,2065,9,1000000,234.220000
instances/atsp_rand_60_100.txt,iterated_local_search_first_improver_swap,50,1907,6,1000000,202.526000
instances/atsp_rand_60_100.txt,iterated_local_search_first_improver_swap,50,1831,9,1000000,216.042000
instances/atsp_rand_60_100.txt,iterated_local_search_first_improver_swap,51,1903,6,1000000,216.647000
instances/atsp_rand_60_100.txt,iterated_local_search_first_improver_swap,51,1919,9,1000000,206.154000
instances/atsp_rand_60_100.txt,iterated_local_search_first_improver_swap,52,1884,6,1000000,204.784000
instances/atsp_rand_60_100.txt,iterated_local_search_first_improver_swap,52,1884,9,1000000,216.636000
instances/atsp_rand_60_100.txt,iterated_local_search_first_improver_swap,53,1875,6,1000000,209.057000
instances/atsp_rand_60_100.txt,iterated_local_search_first_improver_swap,53,1827,9,1000000,209.216000
instances/atsp_rand_60_100.txt,iterated_local_search_first_improver_swap,54,1880,6,1000000,206.470000
instances/atsp_rand_60_100.txt,iterated_local_search_first_improver_swap,54,1914,9,1000000,213.839000
instances/atsp_rand_60_100.txt,iterated_local_search_first_improver_swap,55,1888,6,1000000,208.388000
instances/atsp_rand_60_100.txt,iterated_local_search_first_improver_swap,55,1976,9,1000000,202.853000
instances/atsp_rand_60_100.txt,iterated_local_search_first_improver_swap,56,1894,6,1000000,205.976000
instances/atsp_rand_60_100.txt,iterated_local_search_first_improver_swap,56,1894,9,1000000,211.989000
instances/atsp_rand_60_100.txt,iterated_local_search_first_improver_swap,57,1881,6,1000000,205.521000
instances/atsp_rand_60_100.txt,iterated_local_search_first_improver_swap,57,1795,9,1000000,201.481000
instances/atsp_rand_60_100.txt,iterated_local_search_first_improver_swap,58,1871,6,1000000,200.890000
instances/atsp_rand_60_100.txt,iterated_local_search_first_improver_swap,58,1941,9,1000000,216.042000
instances/atsp_rand_60_100.txt,iterated_local_search_first_improver_swap,59,1867,6,1000000,211.953000
instances/atsp_rand_60_100.txt,iterated_local_search_first_improver_swap,59,1953,9,1000000,202.169000
instances/atsp_rand_70_55.txt,iterated_local_search_best_improver_2opt,50,961,6,1000000,261.428000
instances/atsp_rand_70_55.txt,iterated_local_search_best_improver_2opt,50,857,9,1000000,278.665000
instances/atsp_rand_70_55.txt,iterated_local_search_best_improver_2opt,51,773,6,1000000,271.881000
instances/atsp_rand_70_55.txt,iterated_local_search_best_improver_2opt,51,878,9,1000000,264.170000
instances/atsp_rand_70_55.txt,iterated_local_search_best_improver_2opt,52,950,6,1000000,267.211000
instances/atsp_rand_70_55.txt,iterated_local_search_best_improver_2opt,52,941,9,1000000,275.417000
instances/atsp_rand_70_55.txt,iterated_local_search_best_improver_2opt,53,822,6,1000000,266.834000
instances/atsp_rand_70_55.txt,iterated_local_search_best_improver_2opt,53,931,9,1000000,270.578000
instances/atsp_rand_70_55.txt,iterated_local_search_best_improver_2opt,54,876,6,1000000,262.353000
instances/atsp_rand_70_55.txt,iterated_local_search_best_improver_2opt,54,849,9,1000000,287.156000
instances/atsp_rand_70_55.txt,iterated_local_search_best_improver_2opt,55,881,6,1000000,271.804000
instances/atsp_rand_70_55.txt,iterated_local_search_best_improver_2opt,55,818,9,1000000,260.560000
instances/atsp_rand_70_55.txt,iterated_local_search_best_improver_2opt,56,797,6,1000000,277.101000
instances/atsp_rand_70_55.txt,iterated_local_search_best_improver_2opt,56,929,9,1000000,275.205000
instances/atsp_rand_70_55.txt,iterated_local_search_best_improver_2opt,57,925,6,1000000,265.949000
instances/atsp_rand_70_55.txt,iterated_local_search_best_improver_2opt,57,826,9,1000000,267.056000
instances/atsp_rand_70_55.txt,iterated_local_search_best_improver_2opt,58,796,6,1000000,258.985000
instances/atsp_rand_70_55.txt,iterated_local_search_best_improver_2opt,58,850,9,1000000,285.133000
instances/atsp_rand_70_55.txt,iterated_local_search_best_improver_2opt,59,860,6,1000000,274.545000
instances/atsp_rand_70_55.txt,iterated_local_search_best_improver_2opt,59,860,9,1000000,271.817000
instances/atsp_rand_70_55.txt,iterated_local_search_best_improver_swap,50,440,6,1000000,217.505000
instances/atsp_rand_70_55.txt,iterated_local_search_best_improver_swap,50,381,9,1000000,237.794000
instances/atsp_rand_70_55.txt,iterated_local_search_best_improver_swap,51,442,6,1000000,231.201000
instances/atsp_rand_70_55.txt,iterated_local_search_best_improver_swap,51,495,9,1000000,228.857000
instances/atsp_rand_70_55.txt,iterated_local_search_best_improver_swap,52,493,6,1000000,226.236000
instances/atsp_rand_70_55.txt,iterated_local_search_best_improver_swap,52,440,9,1000000,242.477000
instances/atsp_rand_70_55.txt,iterated_local_search_best_improver_swap,53,462,6,1000000,235.685000
instances/atsp_rand_70_55.txt,iterated_local_search_best_improver_swap,53,435,9,1000000,228.329000
instances/atsp_rand_70_55.txt,iterated_local_search_best_improver_swap,54,484,6,1000000,228.362000
instances/atsp_rand_70_55.txt,iterated_local_search_best_improver_swap,54,467,9,1000000,242.369000
instances/atsp_rand_70_55.txt,iterated_local_search_best_improver_swap,55,490,6,1000000,233.861000
instances/atsp_rand_70_55.txt,iterated_local_search_best_improver_swap,55,487,9,1000000,227.395000
instances/atsp_rand_70_55.txt,iterated_local_search_best_improver_swap,56,471,6,1000000,225.589000
instances/atsp_rand_70_55.txt,iterated_local_search_best_improver_swap,56,412,9,1000000,242.347000
instances/atsp_rand_70_55.txt,iterated_local_search_best_improver_swap,57,441,6,1000000,231.127000
instances/atsp_rand_70_55.txt,iterated_local_search_best_improver_swap,57,487,9,1000000,225.429000
instances/atsp_rand_70_55.txt,iterated_local_search_best_improver_swap,58,510,6,1000000,222.644000
instances/atsp_rand_70_55.txt,iterated_local_search_best_improver_swap,58,465,9,1000000,234.511000
instances/atsp_rand_70_55.txt,iterated_local_search_best_improver_swap,59,474,6,1000000,230.662000
instances/atsp_rand_70_55.txt,iterated_local_search_best_improver_swap,59,476,9,1000000,225.837000
instances/atsp_rand_70_55.txt,iterated_local_search_first_improver_2opt,50,747,6,1000000,270.617000
instances/atsp_rand_70_55.txt,iterated_local_search_first_improver_2opt,50,719,9,1000000,284.451000
instances/atsp_rand_70_55.txt,iterated_local_search_first_improver_2opt,51,750,6,1000000,276.733000
instances/atsp_rand_70_55.txt,iterated_local_search_first_improver_2opt,51,796,9,1000000,268.454000
instances/atsp_rand_70_55.txt,iterated_local_search_first_improver_2opt,52,707,6,1000000,275.868000
instances/atsp_rand_70_55.txt,iterated_local_search_first_improver_2opt,52,685,9,1000000,291.417000
instances/atsp_rand_70_55.txt,iterated_local_search_first_improver_2opt,53,810,6,1000000,283.891000
instances/atsp_rand_70_55.txt,iterated_local_search_first_improver_2opt,53,682,9,1000000,284.971000
instances/atsp_rand_70_55.txt,iterated_local_search_first_improver_2opt,54,770,6,1000000,275.087000
instances/atsp_rand_70_55.txt,iterated_local_search_first_improver_2opt,54,745,9,1000000,294.768000
instances/atsp_rand_70_55.txt,iterated_local_search_first_improver_2opt,55,714,6,1000000,281.371000
instances/atsp_rand_70_55.txt,iterated_local_search_first_improver_2opt,55,678,9,1000000,269.029000
instances/atsp_rand_70_55.txt,iterated_local_search_first_improver_2opt,56,812,6,1000000,266.121000
instances/atsp_rand_70_55.txt,iterated_local_search_first_improver_2opt,56,681,9,1000000,280.794000
instances/atsp_rand_70_55.txt,iterated_local_search_first_improver_2opt,57,841,6,1000000,286.031000
instances/atsp_rand_70_55.txt,iterated_local_search_first_improver_2opt,57,739,9,1000000,274.461000
instances/atsp_rand_70_55.txt,iterated_local_search_first_improver_2opt,58,677,6,1000000,276.483000
instances/atsp_rand_70_55.txt,iterated_local_search_first_improver_2opt,58,570,9,1000000,301.020000
instances/atsp_rand_70_55.txt,iterated_local_search_first_improver_2opt,59,663,6,1000000,284.008000
instances/atsp_rand_70_55.txt,iterated_local_search_first_improver_2opt,59,836,9,1000000,281.671000
instances/atsp_rand_70_55.txt,iterated_local_search_first_improver_swap,50,468,6,1000000,227.679000
instances/atsp_rand_70_55.txt,iterated_local_search_first_improver_swap,50,413,9,1000000,242.385000
instances/atsp_rand_70_55.txt,iterated_local_search_first_improver_swap,51,500,6,1000000,240.429000
instances/atsp_rand_70_55.txt,iterated_local_search_first_improver_swap,51,538,9,1000000,229.071000
instances/atsp_rand_70_55.txt,iterated_local_search_first_improver_swap,52,452,6,1000000,232.131000
instances/atsp_rand_70_55.txt,iterated_local_search_first_improver_swap,52,452,9,1000000,241.430000
instances/atsp_rand_70_55.txt,iterated_local_search_first_improver_swap,53,434,6,1000000,233.306000
instances/atsp_rand_70_55.txt,iterated_local_search_first_improver_swap,53,482,9,1000000,233.563000
instances/atsp_rand_70_55.txt,iterated_local_search_first_improver_swap,54,454,6,1000000,232.787000
instances/atsp_rand_70_55.txt,iterated_local_search_first_improver_swap,54,419,9,1000000,244.951000
instances/atsp_rand_70_55.txt,iterated_local_search_first_improver_swap,55,455,6,1000000,235.975000
instances/atsp_rand_70_55.txt,iterated_local_search_first_improver_swap,55,429,9,1000000,237.209000
instances/atsp_rand_70_55.txt,iterated_local_search_first_improver_swap,56,463,6,1000000,229.855000
instances/atsp_rand_70_55.txt,iterated_local_search_first_improver_swap,56,537,9,1000000,247.052000
instances/atsp_rand_70_55.txt,iterated_local_search_first_improver_swap,57,463,6,1000000,237.326000
instances/atsp_rand_70_55.txt,iterated_local_search_first_improver_swap,57,463,9,1000000,231.973000
instances/atsp_rand_70_55.txt,iterated_local_search_first_improver_swap,58,463,6,1000000,227.536000
instances/atsp_rand_70_55.txt,iterated_local_search_first_improver_swap,58,490,9,1000000,244.109000
instances/atsp_rand_70_55.txt,iterated_local_search_first_improver_swap,59,446,6,1000000,234.146000
instances/atsp_rand_70_55.txt,iterated_local_search_first_improver_swap,59,488,9,1000000,229.822000
instances/atsp_rand_70_100.txt,iterated_local_search_best_improver_2opt,50,2010,6,1000000,263.544000
instances/atsp_rand_70_100.txt,iterated_local_search_best_improver_2opt,50,1925,9,1000000,277.760000
instances/atsp_rand_70_100.txt,iterated_local_search_best_improver_2opt,51,1850,6,1000000,267.907000
instances/atsp_rand_70_100.txt,iterated_local_search_best_improver_2opt,51,1801,9,1000000,266.719000
instances/atsp_rand_70_100.txt,iterated_local_search_best_improver_2opt,52,1656,6,1000000,267.622000
instances/atsp_rand_70_100.txt,iterated_local_search_best_improver_2opt,52,1939,9,1000000,283.684000
instances/atsp_rand_70_100.txt,iterated_local_search_best_improver_2opt,53,2013,6,1000000,270.486000
instances/atsp_rand_70_100.txt,iterated_local_search_best_improver_2opt,53,1829,9,1000000,267.620000
instances/atsp_rand_70_100.txt,iterated_local_search_best_improver_2opt,54,1731,6,1000000,262.194000
instances/atsp_rand_70_100.txt,iterated_local_search_best_improver_2opt,54,1918,9,1000000,277.471000
instances/atsp_rand_70_100.txt,iterated_local_search_best_improver_2opt,55,1816,6,1000000,276.147000
instances/atsp_rand_70_100.txt,iterated_local_search_best_improver_2opt,55,1941,9,1000000,266.119000
instances/atsp_rand_70_100.txt,iterated_local_search_best_improver_2opt,56,1771,6,1000000,268.964000
instances/atsp_rand_70_100.txt,iterated_local_search_best_improver_2opt,56,1878,9,1000000,283.191000
instances/atsp_rand_70_100.txt,iterated_local_search_best_improver_2opt,57,1857,6,1000000,282.064000
instances/atsp_rand_70_100.txt,iterated_local_search_best_improver_2opt,57,1622,9,1000000,298.220000
instances/atsp_rand_70_100.txt,iterated_local_search_best_improver_2opt,58,1785,6,1000000,278.404000
instances/atsp_rand_70_100.txt,iterated_local_search_best_improver_2opt,58,1925,9,1000000,291.224000
instances/atsp_rand_70_100.txt,iterated_local_search_best_improver_2opt,59,2007,6,1000000,272.542000
instances/atsp_rand_70_100.txt,iterated_local_search_best_improver_2opt,59,1894,9,1000000,269.920000
instances/atsp_rand_70_100.txt,iterated_local_search_best_improver_swap,50,1185,6,1000000,224.927000
instances/atsp_rand_70_100.txt,iterated_local_search_best_improver_swap,50,1228,9,1000000,237.684000
instances/atsp_rand_70_100.txt,iterated_local_search_best_improver_swap,51,1158,6,1000000,233.037000
instances/atsp_rand_70_100.txt,iterated_local_search_best_improver_swap,51,1169,9,1000000,225.162000
instances/atsp_rand_70_100.txt,iterated_local_search_best_improver_swap,52,1291,6,1000000,221.259000
instances/atsp_rand_70_100.txt,iterated_local_search_best_improver_swap,52,1187,9,1000000,231.925000
instances/atsp_rand_70_100.txt,iterated_local_search_best_improver_swap,53,1227,6,1000000,227.779000
instances/atsp_rand_70_100.txt,iterated_local_search_best_improver_swap,53,1169,9,1000000,225.454000
instances/atsp_rand_70_100.txt,iterated_local_search_best_improver_swap,54,1258,6,1000000,228.407000
instances/atsp_rand_70_100.txt,iterated_local_search_best_improver_swap,54,1269,9,1000000,236.149000
instances/atsp_rand_70_100.txt,iterated_local_search_best_improver_swap,55,1238,6,1000000,233.806000
instances/atsp_rand_70_100.txt,iterated_local_search_best_improver_swap,55,1207,9,1000000,227.778000
instances/atsp_rand_70_100.txt,iterated_local_search_best_improver_swap,56,1143,6,1000000,228.341000
instances/atsp_rand_70_100.txt,iterated_local_search_best_improver_swap,56,1188,9,1000000,240.534000
instances/atsp_rand_70_100.txt,iterated_local_search_best_improver_swap,57,1181,6,1000000,228.596000
instances/atsp_rand_70_100.txt,iterated_local_search_best_improver_swap,57,1147,9,1000000,224.104000
instances/atsp_rand_70_100.txt,iterated_local_search_best_improver_swap,58,1228,6,1000000,225.171000
instances/atsp_rand_70_100.txt,iterated_local_search_best_improver_swap,58,1228,9,1000000,235.884000
instances/atsp_rand_70_100.txt,iterated_local_search_best_improver_swap,59,1112,6,1000000,230.830000
instances/atsp_rand_70_100.txt,iterated_local_search_best_improver_swap,59,1112,9,1000000,226.288000
instances/atsp_rand_70_100.txt,iterated_local_search_first_improver_2opt,50,1693,6,1000000,269.063000
instances/atsp_rand_70_100.txt,iterated_local_search_first_improver_2opt,50,1886,9,1000000,285.085000
instances/atsp_rand_70_100.txt,iterated_local_search_first_improver_2opt,51,1706,6,1000000,283.635000
instances/atsp_rand_70_100.txt,iterated_local_search_first_improver_2opt,51,1662,9,1000000,278.247000
instances/atsp_rand_70_100.txt,iterated_local_search_first_improver_2opt,52,1751,6,1000000,261.510000
instances/atsp_rand_70_100.txt,iterated_local_search_first_improver_2opt,52,1564,9,1000000,287.745000
instances/atsp_rand_70_100.txt,iterated_local_search_first_improver_2opt,53,1544,6,1000000,277.405000
instances/atsp_rand_70_100.txt,iterated_local_search_first_improver_2opt,53,1544,9,1000000,286.473000
instances/atsp_rand_70_100.txt,iterated_local_search_first_improver_2opt,54,1737,6,1000000,277.658000
instances/atsp_rand_70_100.txt,iterated_local_search_first_improver_2opt,54,1806,9,1000000,291.665000
instances/atsp_rand_70_100.txt,iterated_local_search_first_improver_2opt,55,1791,6,1000000,294.528000
instances/atsp_rand_70_100.txt,iterated_local_search_first_improver_2opt,55,1663,9,1000000,293.623000
instances/atsp_rand_70_100.txt,iterated_local_search_first_improver_2opt,56,1711,6,1000000,289.437000
instances/atsp_rand_70_100.txt,iterated_local_search_first_improver_2opt,56,1598,9,1000000,297.685000
instances/atsp_rand_70_100.txt,iterated_local_search_first_improver_2opt,57,1621,6,1000000,292.637000
instances/atsp_rand_70_100.txt,iterated_local_search_first_improver_2opt,57,1566,9,1000000,274.284000
instances/atsp_rand_70_100.txt,iterated_local_search_first_improver_2opt,58,1531,6,1000000,274.214000
instances/atsp_rand_70_100.txt,iterated_local_search_first_improver_2opt,58,1689,9,1000000,288.372000
instances/atsp_rand_70_100.txt,iterated_local_search_first_improver_2opt,59,1600,6,1000000,282.461000
instances/atsp_rand_70_100.txt,iterated_local_search_first_improver_2opt,59,1763,9,1000000,272.694000
instances/atsp_rand_70_100.txt,iterated_local_search_first_improver_swap,50,1084,6,1000000,227.264000
instances/atsp_rand_70_100.txt,iterated_local_search_first_improver_swap,50,1084,9,1000000,244.230000
instances/atsp_rand_70_100.txt,iterated_local_search_first_improver_swap,51,1206,6,1000000,240.355000
instances/atsp_rand_70_100.txt,iterated_local_search_first_improver_swap,51,1130,9,1000000,236.023000
instances/atsp_rand_70_100.txt,iterated_local_search_first_improver_swap,52,1144,6,1000000,230.527000
instances/atsp_rand_70_100.txt,iterated_local_search_first_improver_swap,52,1220,9,1000000,244.943000
instances/atsp_rand_70_100.txt,iterated_local_search_first_improver_swap,53,1055,6,1000000,240.435000
instances/atsp_rand_70_100.txt,iterated_local_search_first_improver_swap,53,1141,9,1000000,236.309000
instances/atsp_rand_70_100.txt,iterated_local_search_first_improver_swap,54,1184,6,1000000,233.805000
instances/atsp_rand_70_100.txt,iterated_local_search_first_improver_swap,54,1162,9,1000000,243.258000
instances/atsp_rand_70_100.txt,iterated_local_search_first_improver_swap,55,1239,6,1000000,235.258000
instances/atsp_rand_70_100.txt,iterated_local_search_first_improver_swap,55,1185,9,1000000,229.264000
instances/atsp_rand_70_100.txt,iterated_local_search_first_improver_swap,56,1126,6,1000000,232.118000
instances/atsp_rand_70_100.txt,iterated_local_search_first_improver_swap,56,1212,9,1000000,247.755000
instances/atsp_rand_70_100.txt,iterated_local_search_first_improver_swap,57,1171,6,1000000,240.717000
instances/atsp_rand_70_100.txt,iterated_local_search_first_improver_swap,57,1231,9,1000000,232.274000
instances/atsp_rand_70_100.txt,iterated_local_search_first_improver_swap,58,1172,6,1000000,230.583000
instances/atsp_rand_70_100.txt,iterated_local_search_first_improver_swap,58,1162,9,1000000,245.458000
instances/atsp_rand_70_100.txt,iterated_local_search_first_improver_swap,59,1172,6,1000000,240.533000
instances/atsp_rand_70_100.txt,iterated_local_search_first_improver_swap,59,1152,9,1000000,228.450000
instances/atsp_rand_80_70.txt,iterated_local_search_best_improver_2opt,50,1916,6,1000000,306.622000
instances/atsp_rand_80_70.txt,iterated_local_search_best_improver_2opt,50,1828,9,1000000,330.850000
instances/atsp_rand_80_70.txt,iterated_local_search_best_improver_2opt,51,1889,6,1000000,317.657000
instances/atsp_rand_80_70.txt,iterated_local_search_best_improver_2opt,51,1906,9,1000000,305.271000
instances/atsp_rand_80_70.txt,iterated_local_search_best_improver_2opt,52,1945,6,1000000,301.588000
instances/atsp_rand_80_70.txt,iterated_local_search_best_improver_2opt,52,1922,9,1000000,318.736000
instances/atsp_rand_80_70.txt,iterated_local_search_best_improver_2opt,53,1839,6,1000000,307.063000
instances/atsp_rand_80_70.txt,iterated_local_search_best_improver_2opt,53,1921,9,1000000,308.581000
instances/atsp_rand_80_70.txt,iterated_local_search_best_improver_2opt,54,1802,6,1000000,308.089000
instances/atsp_rand_80_70.txt,iterated_local_search_best_improver_2opt,54,1931,9,1000000,319.038000
instances/atsp_rand_80_70.txt,iterated_local_search_best_improver_2opt,55,2116,6,1000000,308.327000
instances/atsp_rand_80_70.txt,iterated_local_search_best_improver_2opt,55,2116,9,1000000,304.040000
instances/atsp_rand_80_70.txt,iterated_local_search_best_improver_2opt,56,1704,6,1000000,306.374000
instances/atsp_rand_80_70.txt,iterated_local_search_best_improver_2opt,56,1829,9,1000000,328.161000
instances/atsp_rand_80_70.txt,iterated_local_search_best_improver_2opt,57,1811,6,1000000,308.473000
instances/atsp_rand_80_70.txt,iterated_local_search_best_improver_2opt,57,1935,9,1000000,306.067000
instances/atsp_rand_80_70.txt,iterated_local_search_best_improver_2opt,58,1867,6,1000000,296.798000
instances/atsp_rand_80_70.txt,iterated_local_search_best_improver_2opt,58,1880,9,1000000,318.869000
instances/atsp_rand_80_70.txt,iterated_local_search_best_improver_2opt,59,1936,6,1000000,304.407000
instances/atsp_rand_80_70.txt,iterated_local_search_best_improver_2opt,59,1804,9,1000000,301.632000
instances/atsp_rand_80_70.txt,iterated_local_search_best_improver_swap,50,1372,6,1000000,250.596000
instances/atsp_rand_80_70.txt,iterated_local_search_best_improver_swap,50,1362,9,1000000,270.838000
instances/atsp_rand_80_70.txt,iterated_local_search_best_improver_swap,51,1293,6,1000000,261.050000
instances/atsp_rand_80_70.txt,iterated_local_search_best_improver_swap,51,1338,9,1000000,253.315000
instances/atsp_rand_80_70.txt,iterated_local_search_best_improver_swap,52,1369,6,1000000,258.637000
instances/atsp_rand_80_70.txt,iterated_local_search_best_improver_swap,52,1333,9,1000000,274.077000
instances/atsp_rand_80_70.txt,iterated_local_search_best_improver_swap,53,1381,6,1000000,267.084000
instances/atsp_rand_80_70.txt,iterated_local_search_best_improver_swap,53,1349,9,1000000,253.388000
instances/atsp_rand_80_70.txt,iterated_local_search_best_improver_swap,54,1315,6,1000000,254.206000
instances/atsp_rand_80_70.txt,iterated_local_search_best_improver_swap,54,1272,9,1000000,264.082000
instances/atsp_rand_80_70.txt,iterated_local_search_best_improver_swap,55,1321,6,1000000,261.283000
instances/atsp_rand_80_70.txt,iterated_local_search_best_improver_swap,55,1373,9,1000000,261.110000
instances/atsp_rand_80_70.txt,iterated_local_search_best_improver_swap,56,1276,6,1000000,250.623000
instances/atsp_rand_80_70.txt,iterated_local_search_best_improver_swap,56,1303,9,1000000,269.599000
instances/atsp_rand_80_70.txt,iterated_local_search_best_improver_swap,57,1330,6,1000000,260.050000
instances/atsp_rand_80_70.txt,iterated_local_search_best_improver_swap,57,1375,9,1000000,252.861000
instances/atsp_rand_80_70.txt,iterated_local_search_best_improver_swap,58,1352,6,1000000,255.522000
instances/atsp_rand_80_70.txt,iterated_local_search_best_improver_swap,58,1332,9,1000000,273.645000
instances/atsp_rand_80_70.txt,iterated_local_search_best_improver_swap,59,1371,6,1000000,259.541000
instances/atsp_rand_80_70.txt,iterated_local_search_best_improver_swap,59,1305,9,1000000,255.630000
instances/atsp_rand_80_70.txt,iterated_local_search_first_improver_2opt,50,1667,6,1000000,304.147000
instances/atsp_rand_80_70.txt,iterated_local_search_first_improver_2opt,50,1811,9,1000000,330.377000
instances/atsp_rand_80_70.txt,iterated_local_search_first_improver_2opt,51,1735,6,1000000,318.042000
instances/atsp_rand_80_70.txt,iterated_local_search_first_improver_2opt,51,1719,9,1000000,315.383000
instances/atsp_rand_80_70.txt,iterated_local_search_first_improver_2opt,52,1729,6,1000000,311.934000
instances/atsp_rand_80_70.txt,iterated_local_search_first_improver_2opt,52,1807,9,1000000,325.462000
instances/atsp_rand_80_70.txt,iterated_local_search_first_improver_2opt,53,1794,6,1000000,325.896000
instances/atsp_rand_80_70.txt,iterated_local_search_first_improver_2opt,53,1794,9,1000000,330.582000
instances/atsp_rand_80_70.txt,iterated_local_search_first_improver_2opt,54,1703,6,1000000,314.467000
instances/atsp_rand_80_70.txt,iterated_local_search_first_improver_2opt,54,1683,9,1000000,334.498000
instances/atsp_rand_80_70.txt,iterated_local_search_first_improver_2opt,55,1715,6,1000000,316.763000
instances/atsp_rand_80_70.txt,iterated_local_search_first_improver_2opt,55,1757,9,1000000,314.715000
instances/atsp_rand_80_70.txt,iterated_local_search_first_improver_2opt,56,1787,6,1000000,320.800000
instances/atsp_rand_80_70.txt,iterated_local_search_first_improver_2opt,56,1746,9,1000000,337.029000
instances/atsp_rand_80_70.txt,iterated_local_search_first_improver_2opt,57,1645,6,1000000,322.751000
instances/atsp_rand_80_70.txt,iterated_local_search_first_improver_2opt,57,1621,9,1000000,321.400000
instances/atsp_rand_80_70.txt,iterated_local_search_first_improver_2opt,58,1674,6,1000000,304.483000
instances/atsp_rand_80_70.txt,iterated_local_search_first_improver_2opt,58,1810,9,1000000,324.570000
instances/atsp_rand_80_70.txt,iterated_local_search_first_improver_2opt,59,1854,6,1000000,307.804000
instances/atsp_rand_80_70.txt,iterated_local_search_first_improver_2opt,59,1659,9,1000000,317.200000
instances/atsp_rand_80_70.txt,iterated_local_search_first_improver_swap,50,1299,6,1000000,249.099000
instances/atsp_rand_80_70.txt,iterated_local_search_first_improver_swap,50,1390,9,1000000,270.096000
instances/atsp_rand_80_70.txt,iterated_local_search_first_improver_swap,51,1353,6,1000000,262.743000
instances/atsp_rand_80_70.txt,iterated_local_search_first_improver_swap,51,1321,9,1000000,262.560000
instances/atsp_rand_80_70.txt,iterated_local_search_first_improver_swap,52,1337,6,1000000,261.188000
instances/atsp_rand_80_70.txt,iterated_local_search_first_improver_swap,52,1321,9,1000000,272.068000
instances/atsp_rand_80_70.txt,iterated_local_search_first_improver_swap,53,1347,6,1000000,271.909000
instances/atsp_rand_80_70.txt,iterated_local_search_first_improver_swap,53,1349,9,1000000,262.284000
instances/atsp_rand_80_70.txt,iterated_local_search_first_improver_swap,54,1357,6,1000000,256.844000
instances/atsp_rand_80_70.txt,iterated_local_search_first_improver_swap,54,1357,9,1000000,289.215000
instances/atsp_rand_80_70.txt,iterated_local_search_first_improver_swap,55,1360,6,1000000,260.386000
instances/atsp_rand_80_70.txt,iterated_local_search_first_improver_swap,55,1374,9,1000000,255.203000
instances/atsp_rand_80_70.txt,iterated_local_search_first_improver_swap,56,1325,6,1000000,248.584000
instances/atsp_rand_80_70.txt,iterated_local_search_first_improver_swap,56,1385,9,1000000,271.324000
instances/atsp_rand_80_70.txt,iterated_local_search_first_improver_swap,57,1327,6,1000000,253.075000
instances/atsp_rand_80_70.txt,iterated_local_search_first_improver_swap,57,1345,9,1000000,251.441000
instances/atsp_rand_80_70.txt,iterated_local_search_first_improver_swap,58,1323,6,1000000,245.183000
instances/atsp_rand_80_70.txt,iterated_local_search_first_improver_swap,58,1362,9,1000000,260.415000
instances/atsp_rand_80_70.txt,iterated_local_search_first_improver_swap,59,1334,6,1000000,262.373000
instances/atsp_rand_80_70.txt,iterated_local_search_first_improver_swap,59,1374,9,1000000,255.287000
instances/atsp_rand_80_100.txt,iterated_local_search_best_improver_2opt,50,2152,6,1000000,300.708000
instances/atsp_rand_80_100.txt,iterated_local_search_best_improver_2opt,50,2211,9,1000000,318.047000
instances/atsp_rand_80_100.txt,iterated_local_search_best_improver_2opt,51,2113,6,1000000,300.041000
instances/atsp_rand_80_100.txt,iterated_local_search_best_improver_2opt,51,2282,9,1000000,301.779000
instances/atsp_rand_80_100.txt,iterated_local_search_best_improver_2opt,52,2118,6,1000000,292.809000
instances/atsp_rand_80_100.txt,iterated_local_search_best_improver_2opt,52,2115,9,1000000,318.824000
instances/atsp_rand_80_100.txt,iterated_local_search_best_improver_2opt,53,2167,6,1000000,298.041000
instances/atsp_rand_80_100.txt,iterated_local_search_best_improver_2opt,53,2119,9,1000000,298.480000
instances/atsp_rand_80_100.txt,iterated_local_search_best_improver_2opt,54,1913,6,1000000,295.228000
instances/atsp_rand_80_100.txt,iterated_local_search_best_improver_2opt,54,2317,9,1000000,306.493000
instances/atsp_rand_80_100.txt,iterated_local_search_best_improver_2opt,55,2082,6,1000000,301.814000
instances/atsp_rand_80_100.txt,iterated_local_search_best_improver_2opt,55,2112,9,1000000,297.775000
instances/atsp_rand_80_100.txt,iterated_local_search_best_improver_2opt,56,1857,6,1000000,300.172000
instances/atsp_rand_80_100.txt,iterated_local_search_best_improver_2opt,56,2113,9,1000000,315.213000
instances/atsp_rand_80_100.txt,iterated_local_search_best_improver_2opt,57,2455,6,1000000,303.424000
instances/atsp_rand_80_100.txt,iterated_local_search_best_improver_2opt,57,1965,9,1000000,292.222000
instances/atsp_rand_80_100.txt,iterated_local_search_best_improver_2opt,58,2146,6,1000000,292.361000
instances/atsp_rand_80_100.txt,iterated_local_search_best_improver_2opt,58,2146,9,1000000,313.611000
instances/atsp_rand_80_100.txt,iterated_local_search_best_improver_2opt,59,2418,6,1000000,300.958000
instances/atsp_rand_80_100.txt,iterated_local_search_best_improver_2opt,59,2207,9,1000000,293.365000
instances/atsp_rand_80_100.txt,iterated_local_search_best_improver_swap,50,1398,6,1000000,248.445000
instances/atsp_rand_80_100.txt,iterated_local_search_best_improver_swap,50,1337,9,1000000,270.456000
instances/atsp_rand_80_100.txt,iterated_local_search_best_improver_swap,51,1487,6,1000000,257.844000
instances/atsp_rand_80_100.txt,iterated_local_search_best_improver_swap,51,1487,9,1000000,253.483000
instances/atsp_rand_80_100.txt,iterated_local_search_best_improver_swap,52,1371,6,1000000,258.461000
instances/atsp_rand_80_100.txt,iterated_local_search_best_improver_swap,52,1371,9,1000000,270.045000
instances/atsp_rand_80_100.txt,iterated_local_search_best_improver_swap,53,1330,6,1000000,254.675000
instances/atsp_rand_80_100.txt,iterated_local_search_best_improver_swap,53,1327,9,1000000,256.443000
instances/atsp_rand_80_100.txt,iterated_local_search_best_improver_swap,54,1378,6,1000000,264.923000
instances/atsp_rand_80_100.txt,iterated_local_search_best_improver_swap,54,1301,9,1000000,277.348000
instances/atsp_rand_80_100.txt,iterated_local_search_best_improver_swap,55,1316,6,1000000,259.625000
instances/atsp_rand_80_100.txt,iterated_local_search_best_improver_swap,55,1230,9,1000000,256.604000
instances/atsp_rand_80_100.txt,iterated_local_search_best_improver_swap,56,1362,6,1000000,253.447000
instances/atsp_rand_80_100.txt,iterated_local_search_best_improver_swap,56,1222,9,1000000,272.106000
instances/atsp_rand_80_100.txt,iterated_local_search_best_improver_swap,57,1371,6,1000000,255.507000
instances/atsp_rand_80_100.txt,iterated_local_search_best_improver_swap,57,1369,9,1000000,251.786000
instances/atsp_rand_80_100.txt,iterated_local_search_best_improver_swap,58,1349,6,1000000,251.063000
instances/atsp_rand_80_100.txt,iterated_local_search_best_improver_swap,58,1333,9,1000000,274.391000
instances/atsp_rand_80_100.txt,iterated_local_search_best_improver_swap,59,1313,6,1000000,261.791000
instances/atsp_rand_80_100.txt,iterated_local_search_best_improver_swap,59,1281,9,1000000,252.214000
instances/atsp_rand_80_100.txt,iterated_local_search_first_improver_2opt,50,1973,6,1000000,300.053000
instances/atsp_rand_80_100.txt,iterated_local_search_first_improver_2opt,50,1973,9,1000000,338.034000
instances/atsp_rand_80_100.txt,iterated_local_search_first_improver_2opt,51,1734,6,1000000,309.663000
instances/atsp_rand_80_100.txt,iterated_local_search_first_improver_2opt,51,1815,9,1000000,302.691000
instances/atsp_rand_80_100.txt,iterated_local_search_first_improver_2opt,52,1842,6,1000000,307.043000
instances/atsp_rand_80_100.txt,iterated_local_search_first_improver_2opt,52,1842,9,1000000,324.376000
instances/atsp_rand_80_100.txt,iterated_local_search_first_improver_2opt,53,1944,6,1000000,303.191000
instances/atsp_rand_80_100.txt,iterated_local_search_first_improver_2opt,53,1889,9,1000000,314.909000
instances/atsp_rand_80_100.txt,iterated_local_search_first_improver_2opt,54,1684,6,1000000,304.598000
instances/atsp_rand_80_100.txt,iterated_local_search_first_improver_2opt,54,1817,9,1000000,316.286000
instances/atsp_rand_80_100.txt,iterated_local_search_first_improver_2opt,55,1831,6,1000000,317.243000
instances/atsp_rand_80_100.txt,iterated_local_search_first_improver_2opt,55,1954,9,1000000,309.396000
instances/atsp_rand_80_100.txt,iterated_local_search_first_improver_2opt,56,1959,6,1000000,309.058000
instances/atsp_rand_80_100.txt,iterated_local_search_first_improver_2opt,56,1838,9,1000000,332.303000
instances/atsp_rand_80_100.txt,iterated_local_search_first_improver_2opt,57,2107,6,1000000,320.491000
instances/atsp_rand_80_100.txt,iterated_local_search_first_improver_2opt,57,1746,9,1000000,309.155000
instances/atsp_rand_80_100.txt,iterated_local_search_first_improver_2opt,58,1998,6,1000000,317.640000
instances/atsp_rand_80_100.txt,iterated_local_search_first_improver_2opt,58,1873,9,1000000,328.264000
instances/atsp_rand_80_100.txt,iterated_local_search_first_improver_2opt,59,1949,6,1000000,312.016000
instances/atsp_rand_80_100.txt,iterated_local_search_first_improver_2opt,59,1949,9,1000000,316.367000
instances/atsp_rand_80_100.txt,iterated_local_search_first_improver_swap,50,1249,6,1000000,257.423000
instances/atsp_rand_80_100.txt,iterated_local_search_first_improver_swap,50,1272,9,1000000,275.058000
instances/atsp_rand_80_100.txt,iterated_local_search_first_improver_swap,51,1331,6,1000000,261.771000
instances/atsp_rand_80_100.txt,iterated_local_search_first_improver_swap,51,1391,9,1000000,263.923000
instances/atsp_rand_80_100.txt,iterated_local_search_first_improver_swap,52,1328,6,1000000,256.377000
instances/atsp_rand_80_100.txt,iterated_local_search_first_improver_swap,52,1328,9,1000000,269.232000
instances/atsp_rand_80_100.txt,iterated_local_search_first_improver_swap,53,1268,6,1000000,264.485000
instances/atsp_rand_80_100.txt,iterated_local_search_first_improver_swap,53,1350,9,1000000,258.479000
instances/atsp_rand_80_100.txt,iterated_local_search_first_improver_swap,54,1350,6,1000000,261.896000
instances/atsp_rand_80_100.txt,iterated_local_search_first_improver_swap,54,1383,9,1000000,269.733000
instances/atsp_rand_80_100.txt,iterated_local_search_first_improver_swap,55,1381,6,1000000,276.786000
instances/atsp_rand_80_100.txt,iterated_local_search_first_improver_swap,55,1381,9,1000000,285.341000
instances/atsp_rand_80_100.txt,iterated_local_search_first_improver_swap,56,1373,6,1000000,262.901000
instances/atsp_rand_80_100.txt,iterated_local_search_first_improver_swap,56,1373,9,1000000,268.634000
instances/atsp_rand_80_100.txt,iterated_local_search_first_improver_swap,57,1373,6,1000000,255.530000
instances/atsp_rand_80_100.txt,iterated_local_search_first_improver_swap,57,1287,9,1000000,262.440000
instances/atsp_rand_80_100.txt,iterated_local_search_first_improver_swap,58,1308,6,1000000,256.788000
instances/atsp_rand_80_100.txt,iterated_local_search_first_improver_swap,58,1343,9,1000000,274.045000
instances/atsp_rand_80_100.txt,iterated_local_search_first_improver_swap,59,1336,6,1000000,265.753000
instances/atsp_rand_80_100.txt,iterated_local_search_first_improver_swap,59,1285,9,1000000,256.781000